Datetime,Timestamp,Signal
2024-12-13 14:23:57.809616,1734117837.809616,336
2024-12-13 14:23:57.809616,1734117837.809616,335
2024-12-13 14:23:57.809616,1734117837.809616,335
2024-12-13 14:23:57.810614,1734117837.8106139,335
2024-12-13 14:23:57.810614,1734117837.8106139,336
2024-12-13 14:23:57.810614,1734117837.8106139,336
2024-12-13 14:23:57.810614,1734117837.8106139,337
2024-12-13 14:23:57.811613,1734117837.811613,336
2024-12-13 14:23:57.811613,1734117837.811613,336
2024-12-13 14:23:57.811613,1734117837.811613,335
2024-12-13 14:23:57.811613,1734117837.811613,336
2024-12-13 14:23:57.811613,1734117837.811613,336
2024-12-13 14:23:57.813118,1734117837.8131185,335
2024-12-13 14:23:57.813118,1734117837.8131185,335
2024-12-13 14:23:57.813118,1734117837.8131185,335
2024-12-13 14:23:57.813118,1734117837.8131185,336
2024-12-13 14:23:57.813118,1734117837.8131185,336
2024-12-13 14:23:57.813118,1734117837.8131185,337
2024-12-13 14:23:57.813118,1734117837.8131185,336
2024-12-13 14:23:57.814123,1734117837.8141232,336
2024-12-13 14:23:57.814123,1734117837.8141232,335
2024-12-13 14:23:57.814123,1734117837.8141232,336
2024-12-13 14:23:57.814123,1734117837.8141232,336
2024-12-13 14:23:57.814123,1734117837.8141232,335
2024-12-13 14:23:57.814123,1734117837.8141232,335
2024-12-13 14:23:57.814123,1734117837.8141232,335
2024-12-13 14:23:57.814123,1734117837.8141232,336
2024-12-13 14:23:57.814123,1734117837.8141232,336
2024-12-13 14:23:57.815123,1734117837.8151226,337
2024-12-13 14:23:57.815123,1734117837.8151226,336
2024-12-13 14:23:57.815123,1734117837.8151226,336
2024-12-13 14:23:57.815123,1734117837.8151226,335
2024-12-13 14:23:57.815123,1734117837.8151226,335
2024-12-13 14:23:57.815123,1734117837.8151226,335
2024-12-13 14:23:57.815123,1734117837.8151226,334
2024-12-13 14:23:57.815123,1734117837.8151226,336
2024-12-13 14:23:57.815123,1734117837.8151226,335
2024-12-13 14:23:57.815123,1734117837.8151226,335
2024-12-13 14:23:57.815123,1734117837.8151226,335
2024-12-13 14:23:57.815123,1734117837.8151226,336
2024-12-13 14:23:57.815123,1734117837.8151226,336
2024-12-13 14:23:57.815123,1734117837.8151226,336
2024-12-13 14:23:57.815123,1734117837.8151226,335
2024-12-13 14:23:57.815123,1734117837.8151226,335
2024-12-13 14:23:57.816625,1734117837.8166249,335
2024-12-13 14:23:57.816625,1734117837.8166249,335
2024-12-13 14:23:57.816625,1734117837.8166249,335
2024-12-13 14:23:57.816625,1734117837.8166249,335
2024-12-13 14:23:57.816625,1734117837.8166249,335
2024-12-13 14:23:57.816625,1734117837.8166249,335
2024-12-13 14:23:57.816625,1734117837.8166249,334
2024-12-13 14:23:57.816625,1734117837.8166249,334
2024-12-13 14:23:57.816625,1734117837.8166249,335
2024-12-13 14:23:57.816625,1734117837.8166249,335
2024-12-13 14:23:57.834302,1734117837.8343017,335
2024-12-13 14:23:57.854938,1734117837.8549376,336
2024-12-13 14:23:57.870848,1734117837.8708482,337
2024-12-13 14:23:57.891086,1734117837.8910859,335
2024-12-13 14:23:57.911927,1734117837.9119272,336
2024-12-13 14:23:57.932989,1734117837.932989,335
2024-12-13 14:23:57.953294,1734117837.953294,335
2024-12-13 14:23:57.973301,1734117837.9733014,335
2024-12-13 14:23:57.994269,1734117837.9942694,337
2024-12-13 14:23:58.014775,1734117838.0147748,334
2024-12-13 14:23:58.035512,1734117838.0355122,335
2024-12-13 14:23:58.055183,1734117838.055183,336
2024-12-13 14:23:58.075408,1734117838.0754085,336
2024-12-13 14:23:58.096037,1734117838.0960374,335
2024-12-13 14:23:58.117017,1734117838.1170173,335
2024-12-13 14:23:58.137169,1734117838.137169,334
2024-12-13 14:23:58.157931,1734117838.157931,335
2024-12-13 14:23:58.178747,1734117838.1787472,336
2024-12-13 14:23:58.199273,1734117838.199273,333
2024-12-13 14:23:58.218455,1734117838.2184546,335
2024-12-13 14:23:58.239920,1734117838.23992,335
2024-12-13 14:23:58.260629,1734117838.2606294,334
2024-12-13 14:23:58.280716,1734117838.2807157,336
2024-12-13 14:23:58.300942,1734117838.3009417,335
2024-12-13 14:23:58.321915,1734117838.321915,335
2024-12-13 14:23:58.342123,1734117838.342123,335
2024-12-13 14:23:58.362705,1734117838.3627052,335
2024-12-13 14:23:58.383332,1734117838.3833325,335
2024-12-13 14:23:58.403299,1734117838.4032986,335
2024-12-13 14:23:58.424299,1734117838.4242995,335
2024-12-13 14:23:58.440748,1734117838.4407482,334
2024-12-13 14:23:58.460773,1734117838.4607728,336
2024-12-13 14:23:58.481243,1734117838.4812431,335
2024-12-13 14:23:58.502140,1734117838.50214,335
2024-12-13 14:23:58.522615,1734117838.5226152,336
2024-12-13 14:23:58.543090,1734117838.5430903,336
2024-12-13 14:23:58.563635,1734117838.563635,334
2024-12-13 14:23:58.584062,1734117838.584062,336
2024-12-13 14:23:58.604052,1734117838.6040523,335
2024-12-13 14:23:58.624049,1734117838.6240492,333
2024-12-13 14:23:58.645756,1734117838.6457562,335
2024-12-13 14:23:58.665874,1734117838.665874,334
2024-12-13 14:23:58.686957,1734117838.6869566,334
2024-12-13 14:23:58.706483,1734117838.7064826,335
2024-12-13 14:23:58.727710,1734117838.7277102,335
2024-12-13 14:23:58.747712,1734117838.7477124,334
2024-12-13 14:23:58.768729,1734117838.7687287,335
2024-12-13 14:23:58.788234,1734117838.788234,336
2024-12-13 14:23:58.809257,1734117838.809257,336
2024-12-13 14:23:58.829703,1734117838.8297033,338
2024-12-13 14:23:58.849746,1734117838.8497458,335
2024-12-13 14:23:58.870718,1734117838.8707178,335
2024-12-13 14:23:58.890658,1734117838.890658,335
2024-12-13 14:23:58.910779,1734117838.9107795,334
2024-12-13 14:23:58.931993,1734117838.9319928,335
2024-12-13 14:23:58.951798,1734117838.9517977,336
2024-12-13 14:23:58.973084,1734117838.9730837,335
2024-12-13 14:23:58.989491,1734117838.9894915,336
2024-12-13 14:23:59.009356,1734117839.0093563,337
2024-12-13 14:23:59.030553,1734117839.030553,335
2024-12-13 14:23:59.051122,1734117839.0511217,335
2024-12-13 14:23:59.071691,1734117839.0716908,334
2024-12-13 14:23:59.091849,1734117839.0918493,335
2024-12-13 14:23:59.112595,1734117839.112595,335
2024-12-13 14:23:59.132682,1734117839.1326823,335
2024-12-13 14:23:59.153660,1734117839.1536603,335
2024-12-13 14:23:59.173690,1734117839.1736903,334
2024-12-13 14:23:59.194318,1734117839.1943183,335
2024-12-13 14:23:59.215067,1734117839.215067,334
2024-12-13 14:23:59.235262,1734117839.2352624,335
2024-12-13 14:23:59.255774,1734117839.2557743,336
2024-12-13 14:23:59.276241,1734117839.2762413,335
2024-12-13 14:23:59.296767,1734117839.2967668,335
2024-12-13 14:23:59.317320,1734117839.3173196,336
2024-12-13 14:23:59.337669,1734117839.3376691,334
2024-12-13 14:23:59.358603,1734117839.3586025,335
2024-12-13 14:23:59.378266,1734117839.3782656,334
2024-12-13 14:23:59.399087,1734117839.399087,333
2024-12-13 14:23:59.419194,1734117839.4191942,335
2024-12-13 14:23:59.439953,1734117839.4399526,335
2024-12-13 14:23:59.460831,1734117839.4608312,335
2024-12-13 14:23:59.480587,1734117839.4805872,335
2024-12-13 14:23:59.501221,1734117839.5012214,336
2024-12-13 14:23:59.521981,1734117839.5219805,334
2024-12-13 14:23:59.541753,1734117839.5417528,335
2024-12-13 14:23:59.558688,1734117839.558688,335
2024-12-13 14:23:59.579240,1734117839.57924,334
2024-12-13 14:23:59.599661,1734117839.5996614,335
2024-12-13 14:23:59.619735,1734117839.619735,335
2024-12-13 14:23:59.640490,1734117839.6404898,335
2024-12-13 14:23:59.661366,1734117839.6613655,335
2024-12-13 14:23:59.682237,1734117839.6822371,335
2024-12-13 14:23:59.702500,1734117839.7025,335
2024-12-13 14:23:59.722667,1734117839.7226665,335
2024-12-13 14:23:59.743303,1734117839.7433028,335
2024-12-13 14:23:59.763148,1734117839.7631483,335
2024-12-13 14:23:59.783894,1734117839.783894,335
2024-12-13 14:23:59.804550,1734117839.80455,335
2024-12-13 14:23:59.824799,1734117839.824799,335
2024-12-13 14:23:59.845535,1734117839.845535,334
2024-12-13 14:23:59.866313,1734117839.866313,334
2024-12-13 14:23:59.886091,1734117839.886091,335
2024-12-13 14:23:59.907330,1734117839.9073303,335
2024-12-13 14:23:59.927927,1734117839.9279268,335
2024-12-13 14:23:59.947196,1734117839.9471962,335
2024-12-13 14:23:59.968415,1734117839.9684148,335
2024-12-13 14:23:59.989274,1734117839.9892735,335
2024-12-13 14:24:00.009315,1734117840.0093153,335
2024-12-13 14:24:00.029019,1734117840.0290186,335
2024-12-13 14:24:00.049144,1734117840.0491436,335
2024-12-13 14:24:00.069993,1734117840.0699928,334
2024-12-13 14:24:00.090772,1734117840.0907722,335
2024-12-13 14:24:00.107371,1734117840.1073713,335
2024-12-13 14:24:00.127749,1734117840.1277492,335
2024-12-13 14:24:00.148258,1734117840.148258,337
2024-12-13 14:24:00.168672,1734117840.1686718,335
2024-12-13 14:24:00.189588,1734117840.1895883,335
2024-12-13 14:24:00.209876,1734117840.2098763,336
2024-12-13 14:24:00.230895,1734117840.2308948,335
2024-12-13 14:24:00.250781,1734117840.2507806,334
2024-12-13 14:24:00.271224,1734117840.2712238,335
2024-12-13 14:24:00.292358,1734117840.2923582,334
2024-12-13 14:24:00.312698,1734117840.3126976,334
2024-12-13 14:24:00.333028,1734117840.3330276,336
2024-12-13 14:24:00.353443,1734117840.3534431,335
2024-12-13 14:24:00.373585,1734117840.373585,335
2024-12-13 14:24:00.394464,1734117840.394464,336
2024-12-13 14:24:00.414864,1734117840.4148638,335
2024-12-13 14:24:00.435057,1734117840.435057,335
2024-12-13 14:24:00.455817,1734117840.455817,335
2024-12-13 14:24:00.476530,1734117840.4765298,335
2024-12-13 14:24:00.496640,1734117840.4966402,335
2024-12-13 14:24:00.517311,1734117840.5173113,336
2024-12-13 14:24:00.537767,1734117840.5377674,335
2024-12-13 14:24:00.558082,1734117840.5580816,335
2024-12-13 14:24:00.578529,1734117840.5785294,335
2024-12-13 14:24:00.598722,1734117840.5987215,335
2024-12-13 14:24:00.618821,1734117840.6188211,336
2024-12-13 14:24:00.640055,1734117840.6400552,337
2024-12-13 14:24:00.659686,1734117840.6596859,335
2024-12-13 14:24:00.677143,1734117840.6771426,334
2024-12-13 14:24:00.697277,1734117840.6972768,335
2024-12-13 14:24:00.718069,1734117840.7180688,334
2024-12-13 14:24:00.738792,1734117840.7387922,335
2024-12-13 14:24:00.758690,1734117840.75869,335
2024-12-13 14:24:00.779105,1734117840.7791052,334
2024-12-13 14:24:00.799434,1734117840.7994337,335
2024-12-13 14:24:00.819804,1734117840.8198042,337
2024-12-13 14:24:00.840817,1734117840.8408172,334
2024-12-13 14:24:00.861136,1734117840.8611362,335
2024-12-13 14:24:00.881764,1734117840.881764,335
2024-12-13 14:24:00.902633,1734117840.9026332,335
2024-12-13 14:24:00.922672,1734117840.9226716,336
2024-12-13 14:24:00.942725,1734117840.9427254,335
2024-12-13 14:24:00.963148,1734117840.9631479,335
2024-12-13 14:24:00.984266,1734117840.9842663,336
2024-12-13 14:24:01.004197,1734117841.0041971,335
2024-12-13 14:24:01.025482,1734117841.025482,335
2024-12-13 14:24:01.045935,1734117841.0459347,335
2024-12-13 14:24:01.066348,1734117841.0663478,334
2024-12-13 14:24:01.086668,1734117841.0866678,335
2024-12-13 14:24:01.106851,1734117841.1068506,336
2024-12-13 14:24:01.127594,1734117841.1275938,335
2024-12-13 14:24:01.147431,1734117841.1474311,336
2024-12-13 14:24:01.167993,1734117841.1679933,335
2024-12-13 14:24:01.189051,1734117841.1890514,335
2024-12-13 14:24:01.209359,1734117841.209359,335
2024-12-13 14:24:01.229996,1734117841.2299962,335
2024-12-13 14:24:01.246376,1734117841.246376,335
2024-12-13 14:24:01.267183,1734117841.2671826,333
2024-12-13 14:24:01.287457,1734117841.2874565,335
2024-12-13 14:24:01.307710,1734117841.3077102,334
2024-12-13 14:24:01.328279,1734117841.3282795,334
2024-12-13 14:24:01.348761,1734117841.348761,335
2024-12-13 14:24:01.369243,1734117841.369243,335
2024-12-13 14:24:01.390054,1734117841.390054,334
2024-12-13 14:24:01.410484,1734117841.4104843,335
2024-12-13 14:24:01.430835,1734117841.4308348,335
2024-12-13 14:24:01.451455,1734117841.4514549,335
2024-12-13 14:24:01.471568,1734117841.4715679,337
2024-12-13 14:24:01.492016,1734117841.4920156,335
2024-12-13 14:24:01.512752,1734117841.512752,335
2024-12-13 14:24:01.532615,1734117841.5326152,337
2024-12-13 14:24:01.553285,1734117841.5532846,335
2024-12-13 14:24:01.573641,1734117841.5736406,334
2024-12-13 14:24:01.594326,1734117841.5943265,335
2024-12-13 14:24:01.615181,1734117841.615181,334
2024-12-13 14:24:01.635459,1734117841.6354592,334
2024-12-13 14:24:01.655476,1734117841.6554759,336
2024-12-13 14:24:01.676456,1734117841.6764562,335
2024-12-13 14:24:01.696929,1734117841.6969295,337
2024-12-13 14:24:01.716775,1734117841.7167747,335
2024-12-13 14:24:01.737902,1734117841.7379022,335
2024-12-13 14:24:01.757570,1734117841.7575696,334
2024-12-13 14:24:01.778707,1734117841.7787068,335
2024-12-13 14:24:01.795431,1734117841.795431,335
2024-12-13 14:24:01.816092,1734117841.8160925,334
2024-12-13 14:24:01.835752,1734117841.8357525,336
2024-12-13 14:24:01.856632,1734117841.8566325,334
2024-12-13 14:24:01.877438,1734117841.8774376,335
2024-12-13 14:24:01.897957,1734117841.8979573,335
2024-12-13 14:24:01.918037,1734117841.918037,334
2024-12-13 14:24:01.938499,1734117841.9384987,335
2024-12-13 14:24:01.959089,1734117841.9590886,337
2024-12-13 14:24:01.979517,1734117841.9795165,335
2024-12-13 14:24:01.999758,1734117841.999758,335
2024-12-13 14:24:02.020201,1734117842.0202014,335
2024-12-13 14:24:02.040884,1734117842.0408845,335
2024-12-13 14:24:02.061468,1734117842.061468,335
2024-12-13 14:24:02.081977,1734117842.0819771,335
2024-12-13 14:24:02.102717,1734117842.1027172,335
2024-12-13 14:24:02.122967,1734117842.1229672,335
2024-12-13 14:24:02.143187,1734117842.143187,337
2024-12-13 14:24:02.163571,1734117842.1635714,335
2024-12-13 14:24:02.184309,1734117842.1843085,336
2024-12-13 14:24:02.204900,1734117842.2049,335
2024-12-13 14:24:02.225459,1734117842.225459,335
2024-12-13 14:24:02.245356,1734117842.2453563,335
2024-12-13 14:24:02.266093,1734117842.266093,335
2024-12-13 14:24:02.286597,1734117842.2865968,335
2024-12-13 14:24:02.307054,1734117842.3070538,336
2024-12-13 14:24:02.327589,1734117842.3275888,335
2024-12-13 14:24:02.347075,1734117842.3470747,335
2024-12-13 14:24:02.364442,1734117842.364442,335
2024-12-13 14:24:02.384677,1734117842.3846767,335
2024-12-13 14:24:02.405693,1734117842.4056933,334
2024-12-13 14:24:02.425864,1734117842.4258635,335
2024-12-13 14:24:02.446417,1734117842.4464173,335
2024-12-13 14:24:02.466081,1734117842.4660811,335
2024-12-13 14:24:02.487239,1734117842.4872394,335
2024-12-13 14:24:02.507220,1734117842.5072198,335
2024-12-13 14:24:02.528275,1734117842.5282753,334
2024-12-13 14:24:02.548420,1734117842.5484202,335
2024-12-13 14:24:02.569305,1734117842.5693054,335
2024-12-13 14:24:02.589769,1734117842.5897691,334
2024-12-13 14:24:02.610197,1734117842.6101968,335
2024-12-13 14:24:02.630473,1734117842.6304734,335
2024-12-13 14:24:02.650625,1734117842.6506255,335
2024-12-13 14:24:02.671428,1734117842.6714282,336
2024-12-13 14:24:02.692091,1734117842.6920905,335
2024-12-13 14:24:02.712489,1734117842.7124887,334
2024-12-13 14:24:02.733203,1734117842.7332032,335
2024-12-13 14:24:02.753224,1734117842.7532237,334
2024-12-13 14:24:02.774174,1734117842.7741742,335
2024-12-13 14:24:02.793859,1734117842.793859,336
2024-12-13 14:24:02.815000,1734117842.8149998,335
2024-12-13 14:24:02.835376,1734117842.835376,336
2024-12-13 14:24:02.855583,1734117842.855583,337
2024-12-13 14:24:02.875765,1734117842.8757648,335
2024-12-13 14:24:02.896448,1734117842.896448,336
2024-12-13 14:24:02.912692,1734117842.9126916,335
2024-12-13 14:24:02.933604,1734117842.9336038,335
2024-12-13 14:24:02.954241,1734117842.9542413,335
2024-12-13 14:24:02.974496,1734117842.9744964,337
2024-12-13 14:24:02.994738,1734117842.9947379,335
2024-12-13 14:24:03.015483,1734117843.0154827,335
2024-12-13 14:24:03.035763,1734117843.035763,335
2024-12-13 14:24:03.056081,1734117843.0560808,335
2024-12-13 14:24:03.076273,1734117843.0762734,334
2024-12-13 14:24:03.097718,1734117843.0977182,334
2024-12-13 14:24:03.117917,1734117843.1179166,334
2024-12-13 14:24:03.138453,1734117843.1384535,334
2024-12-13 14:24:03.158561,1734117843.158561,337
2024-12-13 14:24:03.178811,1734117843.1788113,334
2024-12-13 14:24:03.199311,1734117843.1993105,335
2024-12-13 14:24:03.220643,1734117843.2206433,335
2024-12-13 14:24:03.240379,1734117843.2403793,335
2024-12-13 14:24:03.260752,1734117843.260752,334
2024-12-13 14:24:03.281200,1734117843.2812,336
2024-12-13 14:24:03.302455,1734117843.3024547,334
2024-12-13 14:24:03.322962,1734117843.3229616,335
2024-12-13 14:24:03.343530,1734117843.34353,335
2024-12-13 14:24:03.363842,1734117843.3638422,334
2024-12-13 14:24:03.384181,1734117843.3841805,335
2024-12-13 14:24:03.404763,1734117843.4047635,335
2024-12-13 14:24:03.425071,1734117843.4250708,335
2024-12-13 14:24:03.445558,1734117843.4455578,335
2024-12-13 14:24:03.466192,1734117843.4661925,336
2024-12-13 14:24:03.482573,1734117843.482573,333
2024-12-13 14:24:03.502569,1734117843.5025687,335
2024-12-13 14:24:03.522978,1734117843.5229776,335
2024-12-13 14:24:03.543887,1734117843.5438867,334
2024-12-13 14:24:03.564593,1734117843.5645928,335
2024-12-13 14:24:03.585128,1734117843.5851283,335
2024-12-13 14:24:03.605365,1734117843.6053646,335
2024-12-13 14:24:03.626007,1734117843.626007,335
2024-12-13 14:24:03.645919,1734117843.645919,335
2024-12-13 14:24:03.666493,1734117843.6664934,335
2024-12-13 14:24:03.687364,1734117843.6873636,335
2024-12-13 14:24:03.707347,1734117843.7073472,335
2024-12-13 14:24:03.728318,1734117843.7283177,334
2024-12-13 14:24:03.748930,1734117843.7489302,335
2024-12-13 14:24:03.769392,1734117843.7693925,335
2024-12-13 14:24:03.789417,1734117843.7894166,335
2024-12-13 14:24:03.810763,1734117843.8107634,335
2024-12-13 14:24:03.830911,1734117843.8309107,335
2024-12-13 14:24:03.851384,1734117843.8513844,334
2024-12-13 14:24:03.871586,1734117843.8715856,336
2024-12-13 14:24:03.892187,1734117843.892187,335
2024-12-13 14:24:03.912384,1734117843.9123843,333
2024-12-13 14:24:03.932699,1734117843.9326992,335
2024-12-13 14:24:03.953381,1734117843.9533808,335
2024-12-13 14:24:03.973945,1734117843.973945,334
2024-12-13 14:24:03.993900,1734117843.9939,335
2024-12-13 14:24:04.014211,1734117844.0142114,334
2024-12-13 14:24:04.034727,1734117844.0347273,334
2024-12-13 14:24:04.051889,1734117844.051889,335
2024-12-13 14:24:04.071379,1734117844.0713787,335
2024-12-13 14:24:04.093038,1734117844.0930378,335
2024-12-13 14:24:04.113342,1734117844.1133423,336
2024-12-13 14:24:04.133958,1734117844.1339576,335
2024-12-13 14:24:04.154439,1734117844.1544387,335
2024-12-13 14:24:04.175020,1734117844.1750202,335
2024-12-13 14:24:04.195004,1734117844.1950035,335
2024-12-13 14:24:04.215784,1734117844.2157838,334
2024-12-13 14:24:04.236265,1734117844.2362654,335
2024-12-13 14:24:04.256984,1734117844.2569842,335
2024-12-13 14:24:04.276929,1734117844.2769287,335
2024-12-13 14:24:04.297406,1734117844.2974057,336
2024-12-13 14:24:04.318178,1734117844.3181784,335
2024-12-13 14:24:04.338593,1734117844.3385925,334
2024-12-13 14:24:04.359352,1734117844.3593524,336
2024-12-13 14:24:04.379811,1734117844.3798108,335
2024-12-13 14:24:04.399894,1734117844.3998938,335
2024-12-13 14:24:04.420642,1734117844.4206424,335
2024-12-13 14:24:04.440871,1734117844.4408708,335
2024-12-13 14:24:04.461467,1734117844.461467,335
2024-12-13 14:24:04.481320,1734117844.4813201,336
2024-12-13 14:24:04.501349,1734117844.5013492,334
2024-12-13 14:24:04.523044,1734117844.5230436,334
2024-12-13 14:24:04.543403,1734117844.5434027,335
2024-12-13 14:24:04.563818,1734117844.563818,335
2024-12-13 14:24:04.583817,1734117844.5838168,335
2024-12-13 14:24:04.600804,1734117844.6008039,337
2024-12-13 14:24:04.621192,1734117844.6211922,335
2024-12-13 14:24:04.641139,1734117844.6411388,335
2024-12-13 14:24:04.662061,1734117844.6620612,335
2024-12-13 14:24:04.682278,1734117844.682278,335
2024-12-13 14:24:04.702866,1734117844.7028658,336
2024-12-13 14:24:04.723629,1734117844.7236292,335
2024-12-13 14:24:04.743614,1734117844.7436137,336
2024-12-13 14:24:04.764190,1734117844.76419,335
2024-12-13 14:24:04.784394,1734117844.7843935,337
2024-12-13 14:24:04.805795,1734117844.8057947,335
2024-12-13 14:24:04.825845,1734117844.8258455,335
2024-12-13 14:24:04.846528,1734117844.8465276,335
2024-12-13 14:24:04.866577,1734117844.8665774,335
2024-12-13 14:24:04.886715,1734117844.8867147,335
2024-12-13 14:24:04.907735,1734117844.9077346,335
2024-12-13 14:24:04.928625,1734117844.9286253,335
2024-12-13 14:24:04.949039,1734117844.9490387,335
2024-12-13 14:24:04.969749,1734117844.969749,335
2024-12-13 14:24:04.989800,1734117844.9897997,335
2024-12-13 14:24:05.009550,1734117845.0095496,335
2024-12-13 14:24:05.030635,1734117845.0306354,336
2024-12-13 14:24:05.051241,1734117845.0512412,335
2024-12-13 14:24:05.071757,1734117845.0717566,335
2024-12-13 14:24:05.092192,1734117845.0921922,335
2024-12-13 14:24:05.111928,1734117845.1119285,335
2024-12-13 14:24:05.132250,1734117845.13225,335
2024-12-13 14:24:05.153580,1734117845.1535804,335
2024-12-13 14:24:05.169954,1734117845.1699536,335
2024-12-13 14:24:05.190323,1734117845.1903229,335
2024-12-13 14:24:05.210586,1734117845.2105856,335
2024-12-13 14:24:05.231319,1734117845.2313192,335
2024-12-13 14:24:05.251621,1734117845.251621,336
2024-12-13 14:24:05.272530,1734117845.27253,335
2024-12-13 14:24:05.292911,1734117845.2929106,335
2024-12-13 14:24:05.313388,1734117845.3133876,335
2024-12-13 14:24:05.334035,1734117845.334035,335
2024-12-13 14:24:05.353714,1734117845.353714,335
2024-12-13 14:24:05.374813,1734117845.3748126,336
2024-12-13 14:24:05.395457,1734117845.395457,335
2024-12-13 14:24:05.415767,1734117845.4157667,335
2024-12-13 14:24:05.436408,1734117845.4364083,336
2024-12-13 14:24:05.456246,1734117845.456246,336
2024-12-13 14:24:05.476707,1734117845.4767072,336
2024-12-13 14:24:05.497307,1734117845.4973066,336
2024-12-13 14:24:05.517962,1734117845.5179625,336
2024-12-13 14:24:05.538743,1734117845.5387433,333
2024-12-13 14:24:05.558813,1734117845.5588126,336
2024-12-13 14:24:05.579329,1734117845.5793285,335
2024-12-13 14:24:05.600207,1734117845.600207,335
2024-12-13 14:24:05.620155,1734117845.6201553,336
2024-12-13 14:24:05.641027,1734117845.6410267,335
2024-12-13 14:24:05.661489,1734117845.6614892,335
2024-12-13 14:24:05.681375,1734117845.6813753,336
2024-12-13 14:24:05.702379,1734117845.7023787,336
2024-12-13 14:24:05.718976,1734117845.718976,335
2024-12-13 14:24:05.739109,1734117845.7391086,336
2024-12-13 14:24:05.759823,1734117845.759823,336
2024-12-13 14:24:05.780220,1734117845.7802198,335
2024-12-13 14:24:05.800784,1734117845.8007843,337
2024-12-13 14:24:05.821278,1734117845.8212776,335
2024-12-13 14:24:05.841604,1734117845.8416035,334
2024-12-13 14:24:05.861252,1734117845.8612523,335
2024-12-13 14:24:05.882980,1734117845.88298,334
2024-12-13 14:24:05.902930,1734117845.90293,335
2024-12-13 14:24:05.923551,1734117845.9235513,337
2024-12-13 14:24:05.943596,1734117845.9435964,335
2024-12-13 14:24:05.964522,1734117845.9645216,335
2024-12-13 14:24:05.984537,1734117845.9845366,336
2024-12-13 14:24:06.004866,1734117846.0048664,335
2024-12-13 14:24:06.025363,1734117846.0253632,335
2024-12-13 14:24:06.046107,1734117846.0461066,335
2024-12-13 14:24:06.066636,1734117846.066636,335
2024-12-13 14:24:06.086922,1734117846.0869217,334
2024-12-13 14:24:06.108170,1734117846.1081703,337
2024-12-13 14:24:06.127837,1734117846.1278372,334
2024-12-13 14:24:06.148961,1734117846.1489606,335
2024-12-13 14:24:06.168973,1734117846.1689727,335
2024-12-13 14:24:06.189105,1734117846.189105,336
2024-12-13 14:24:06.210159,1734117846.2101593,336
2024-12-13 14:24:06.230232,1734117846.2302325,336
2024-12-13 14:24:06.250752,1734117846.2507524,335
2024-12-13 14:24:06.271745,1734117846.2717452,335
2024-12-13 14:24:06.287420,1734117846.2874203,335
2024-12-13 14:24:06.308307,1734117846.3083072,335
2024-12-13 14:24:06.328334,1734117846.3283336,336
2024-12-13 14:24:06.348879,1734117846.3488793,336
2024-12-13 14:24:06.370087,1734117846.370087,335
2024-12-13 14:24:06.389827,1734117846.3898268,336
2024-12-13 14:24:06.411037,1734117846.4110374,336
2024-12-13 14:24:06.430761,1734117846.430761,335
2024-12-13 14:24:06.452022,1734117846.4520216,335
2024-12-13 14:24:06.472487,1734117846.4724874,335
2024-12-13 14:24:06.492755,1734117846.492755,335
2024-12-13 14:24:06.512815,1734117846.5128145,336
2024-12-13 14:24:06.533656,1734117846.5336556,335
2024-12-13 14:24:06.554395,1734117846.554395,334
2024-12-13 14:24:06.574903,1734117846.574903,335
2024-12-13 14:24:06.595453,1734117846.595453,335
2024-12-13 14:24:06.615842,1734117846.615842,335
2024-12-13 14:24:06.636318,1734117846.6363184,335
2024-12-13 14:24:06.656797,1734117846.6567967,335
2024-12-13 14:24:06.676714,1734117846.6767144,334
2024-12-13 14:24:06.697335,1734117846.6973345,336
2024-12-13 14:24:06.718222,1734117846.718222,335
2024-12-13 14:24:06.738626,1734117846.7386262,335
2024-12-13 14:24:06.759159,1734117846.7591593,335
2024-12-13 14:24:06.779286,1734117846.7792864,335
2024-12-13 14:24:06.799377,1734117846.799377,335
2024-12-13 14:24:06.820176,1734117846.820176,336
2024-12-13 14:24:06.840787,1734117846.840787,335
2024-12-13 14:24:06.856750,1734117846.8567502,335
2024-12-13 14:24:06.877970,1734117846.8779702,336
2024-12-13 14:24:06.898444,1734117846.8984437,335
2024-12-13 14:24:06.918338,1734117846.9183376,335
2024-12-13 14:24:06.940419,1734117846.9404187,335
2024-12-13 14:24:06.959664,1734117846.9596639,333
2024-12-13 14:24:06.980397,1734117846.9803967,334
2024-12-13 14:24:07.000537,1734117847.0005372,335
2024-12-13 14:24:07.021291,1734117847.0212905,335
2024-12-13 14:24:07.041451,1734117847.0414515,335
2024-12-13 14:24:07.062267,1734117847.0622668,336
2024-12-13 14:24:07.081691,1734117847.081691,335
2024-12-13 14:24:07.102547,1734117847.1025467,335
2024-12-13 14:24:07.123832,1734117847.1238315,337
2024-12-13 14:24:07.144183,1734117847.1441827,335
2024-12-13 14:24:07.164598,1734117847.1645977,336
2024-12-13 14:24:07.184539,1734117847.1845386,336
2024-12-13 14:24:07.205704,1734117847.205704,336
2024-12-13 14:24:07.225524,1734117847.2255237,336
2024-12-13 14:24:07.245955,1734117847.245955,338
2024-12-13 14:24:07.265885,1734117847.265885,335
2024-12-13 14:24:07.286546,1734117847.286546,336
2024-12-13 14:24:07.306696,1734117847.3066957,336
2024-12-13 14:24:07.327673,1734117847.3276727,335
2024-12-13 14:24:07.348788,1734117847.348788,335
2024-12-13 14:24:07.369409,1734117847.3694086,335
2024-12-13 14:24:07.388969,1734117847.3889692,335
2024-12-13 14:24:07.405327,1734117847.4053268,335
2024-12-13 14:24:07.426247,1734117847.426247,337
2024-12-13 14:24:07.447065,1734117847.4470646,334
2024-12-13 14:24:07.466682,1734117847.4666822,336
2024-12-13 14:24:07.487736,1734117847.4877355,335
2024-12-13 14:24:07.508762,1734117847.508762,336
2024-12-13 14:24:07.528727,1734117847.5287273,335
2024-12-13 14:24:07.549273,1734117847.5492735,335
2024-12-13 14:24:07.569983,1734117847.5699835,335
2024-12-13 14:24:07.590574,1734117847.590574,335
2024-12-13 14:24:07.610984,1734117847.610984,335
2024-12-13 14:24:07.631598,1734117847.6315982,335
2024-12-13 14:24:07.651399,1734117847.6513987,336
2024-12-13 14:24:07.672165,1734117847.672165,336
2024-12-13 14:24:07.692930,1734117847.69293,335
2024-12-13 14:24:07.713464,1734117847.7134643,336
2024-12-13 14:24:07.733065,1734117847.7330654,335
2024-12-13 14:24:07.754157,1734117847.7541568,336
2024-12-13 14:24:07.774531,1734117847.7745311,335
2024-12-13 14:24:07.794964,1734117847.7949643,335
2024-12-13 14:24:07.815195,1734117847.8151946,335
2024-12-13 14:24:07.835804,1734117847.8358042,335
2024-12-13 14:24:07.856859,1734117847.856859,335
2024-12-13 14:24:07.877151,1734117847.877151,334
2024-12-13 14:24:07.897461,1734117847.8974607,336
2024-12-13 14:24:07.917950,1734117847.9179502,336
2024-12-13 14:24:07.938627,1734117847.938627,336
2024-12-13 14:24:07.958997,1734117847.9589975,336
2024-12-13 14:24:07.975648,1734117847.975648,336
2024-12-13 14:24:07.997144,1734117847.9971445,335
2024-12-13 14:24:08.016593,1734117848.0165932,336
2024-12-13 14:24:08.036626,1734117848.036626,336
2024-12-13 14:24:08.057535,1734117848.0575347,335
2024-12-13 14:24:08.078047,1734117848.078047,337
2024-12-13 14:24:08.098635,1734117848.0986347,335
2024-12-13 14:24:08.118889,1734117848.1188886,334
2024-12-13 14:24:08.139597,1734117848.1395974,335
2024-12-13 14:24:08.159943,1734117848.159943,335
2024-12-13 14:24:08.179832,1734117848.1798315,334
2024-12-13 14:24:08.200270,1734117848.20027,336
2024-12-13 14:24:08.221684,1734117848.2216835,335
2024-12-13 14:24:08.241351,1734117848.2413514,336
2024-12-13 14:24:08.261655,1734117848.2616553,337
2024-12-13 14:24:08.282319,1734117848.2823186,335
2024-12-13 14:24:08.303177,1734117848.303177,336
2024-12-13 14:24:08.323455,1734117848.3234553,336
2024-12-13 14:24:08.343484,1734117848.3434842,336
2024-12-13 14:24:08.367190,1734117848.3671904,334
2024-12-13 14:24:08.385918,1734117848.385918,335
2024-12-13 14:24:08.405585,1734117848.4055848,335
2024-12-13 14:24:08.426240,1734117848.4262402,335
2024-12-13 14:24:08.446482,1734117848.4464817,337
2024-12-13 14:24:08.466339,1734117848.4663386,334
2024-12-13 14:24:08.487615,1734117848.4876149,335
2024-12-13 14:24:08.506909,1734117848.5069087,334
2024-12-13 14:24:08.526804,1734117848.526804,335
2024-12-13 14:24:08.544746,1734117848.544746,335
2024-12-13 14:24:08.565778,1734117848.5657778,337
2024-12-13 14:24:08.586008,1734117848.586008,334
2024-12-13 14:24:08.606583,1734117848.6065829,335
2024-12-13 14:24:08.626344,1734117848.6263437,335
2024-12-13 14:24:08.646081,1734117848.6460814,335
2024-12-13 14:24:08.668188,1734117848.6681879,335
2024-12-13 14:24:08.688050,1734117848.68805,335
2024-12-13 14:24:08.708771,1734117848.7087708,336
2024-12-13 14:24:08.729029,1734117848.7290292,336
2024-12-13 14:24:08.749928,1734117848.749928,336
2024-12-13 14:24:08.769736,1734117848.7697356,334
2024-12-13 14:24:08.790803,1734117848.7908034,336
2024-12-13 14:24:08.811077,1734117848.8110774,335
2024-12-13 14:24:08.830776,1734117848.8307757,335
2024-12-13 14:24:08.852156,1734117848.8521557,336
2024-12-13 14:24:08.872754,1734117848.872754,335
2024-12-13 14:24:08.892720,1734117848.8927195,335
2024-12-13 14:24:08.912740,1734117848.9127395,336
2024-12-13 14:24:08.933887,1734117848.933887,336
2024-12-13 14:24:08.954150,1734117848.9541497,336
2024-12-13 14:24:08.974453,1734117848.9744527,336
2024-12-13 14:24:08.994690,1734117848.9946904,335
2024-12-13 14:24:09.015594,1734117849.0155945,335
2024-12-13 14:24:09.036436,1734117849.0364363,336
2024-12-13 14:24:09.056760,1734117849.0567603,335
2024-12-13 14:24:09.076371,1734117849.0763707,335
2024-12-13 14:24:09.093843,1734117849.0938427,336
2024-12-13 14:24:09.113785,1734117849.1137853,335
2024-12-13 14:24:09.134757,1734117849.1347566,334
2024-12-13 14:24:09.155214,1734117849.1552136,335
2024-12-13 14:24:09.175581,1734117849.175581,335
2024-12-13 14:24:09.195567,1734117849.1955671,333
2024-12-13 14:24:09.216638,1734117849.2166378,335
2024-12-13 14:24:09.237238,1734117849.2372377,334
2024-12-13 14:24:09.257599,1734117849.2575989,335
2024-12-13 14:24:09.277284,1734117849.2772844,336
2024-12-13 14:24:09.298201,1734117849.2982006,335
2024-12-13 14:24:09.319167,1734117849.3191674,334
2024-12-13 14:24:09.338972,1734117849.3389723,336
2024-12-13 14:24:09.359990,1734117849.3599901,335
2024-12-13 14:24:09.380702,1734117849.3807023,335
2024-12-13 14:24:09.400063,1734117849.4000628,337
2024-12-13 14:24:09.421445,1734117849.4214447,335
2024-12-13 14:24:09.442101,1734117849.4421005,335
2024-12-13 14:24:09.462680,1734117849.4626803,337
2024-12-13 14:24:09.482865,1734117849.4828653,335
2024-12-13 14:24:09.503008,1734117849.5030084,335
2024-12-13 14:24:09.523356,1734117849.5233557,335
2024-12-13 14:24:09.543635,1734117849.5436354,335
2024-12-13 14:24:09.565529,1734117849.5655286,335
2024-12-13 14:24:09.584595,1734117849.5845952,337
2024-12-13 14:24:09.605235,1734117849.6052349,335
2024-12-13 14:24:09.625396,1734117849.6253958,333
2024-12-13 14:24:09.645819,1734117849.6458192,335
2024-12-13 14:24:09.662972,1734117849.662972,335
2024-12-13 14:24:09.683560,1734117849.68356,335
2024-12-13 14:24:09.704284,1734117849.7042842,335
2024-12-13 14:24:09.724458,1734117849.7244585,335
2024-12-13 14:24:09.745255,1734117849.7452545,335
2024-12-13 14:24:09.765625,1734117849.7656245,337
2024-12-13 14:24:09.786062,1734117849.7860615,335
2024-12-13 14:24:09.806497,1734117849.806497,336
2024-12-13 14:24:09.827140,1734117849.8271403,335
2024-12-13 14:24:09.847634,1734117849.847634,335
2024-12-13 14:24:09.867995,1734117849.8679948,334
2024-12-13 14:24:09.888344,1734117849.8883438,337
2024-12-13 14:24:09.908873,1734117849.9088733,337
2024-12-13 14:24:09.929137,1734117849.9291372,335
2024-12-13 14:24:09.949795,1734117849.9497948,335
2024-12-13 14:24:09.970265,1734117849.9702647,335
2024-12-13 14:24:09.991070,1734117849.9910703,335
2024-12-13 14:24:10.011077,1734117850.0110774,336
2024-12-13 14:24:10.031825,1734117850.0318248,335
2024-12-13 14:24:10.051636,1734117850.0516365,335
2024-12-13 14:24:10.072817,1734117850.0728166,337
2024-12-13 14:24:10.093116,1734117850.0931158,334
2024-12-13 14:24:10.113840,1734117850.1138403,335
2024-12-13 14:24:10.133758,1734117850.1337583,335
2024-12-13 14:24:10.154436,1734117850.1544356,334
2024-12-13 14:24:10.174421,1734117850.174421,335
2024-12-13 14:24:10.194751,1734117850.1947505,335
2024-12-13 14:24:10.211918,1734117850.2119179,335
2024-12-13 14:24:10.232541,1734117850.2325413,335
2024-12-13 14:24:10.252889,1734117850.2528894,335
2024-12-13 14:24:10.272846,1734117850.2728462,335
2024-12-13 14:24:10.293644,1734117850.2936437,335
2024-12-13 14:24:10.313604,1734117850.313604,335
2024-12-13 14:24:10.334794,1734117850.334794,334
2024-12-13 14:24:10.355533,1734117850.3555334,336
2024-12-13 14:24:10.375900,1734117850.3759003,335
2024-12-13 14:24:10.396216,1734117850.3962162,335
2024-12-13 14:24:10.416828,1734117850.4168277,335
2024-12-13 14:24:10.436668,1734117850.4366682,335
2024-12-13 14:24:10.457307,1734117850.4573073,335
2024-12-13 14:24:10.478144,1734117850.4781437,335
2024-12-13 14:24:10.498649,1734117850.4986486,335
2024-12-13 14:24:10.519078,1734117850.5190783,334
2024-12-13 14:24:10.538878,1734117850.5388777,335
2024-12-13 14:24:10.560353,1734117850.560353,335
2024-12-13 14:24:10.580293,1734117850.580293,335
2024-12-13 14:24:10.601011,1734117850.6010113,335
2024-12-13 14:24:10.621490,1734117850.6214905,334
2024-12-13 14:24:10.640965,1734117850.6409655,333
2024-12-13 14:24:10.662686,1734117850.6626856,335
2024-12-13 14:24:10.682032,1734117850.682032,335
2024-12-13 14:24:10.702952,1734117850.7029521,335
2024-12-13 14:24:10.723879,1734117850.7238789,337
2024-12-13 14:24:10.744131,1734117850.7441306,335
2024-12-13 14:24:10.764303,1734117850.7643032,335
2024-12-13 14:24:10.781000,1734117850.781,336
2024-12-13 14:24:10.801811,1734117850.8018115,335
2024-12-13 14:24:10.822260,1734117850.8222597,335
2024-12-13 14:24:10.842911,1734117850.842911,336
2024-12-13 14:24:10.863457,1734117850.8634572,335
2024-12-13 14:24:10.883642,1734117850.8836422,335
2024-12-13 14:24:10.904050,1734117850.9040504,337
2024-12-13 14:24:10.924593,1734117850.9245927,335
2024-12-13 14:24:10.944608,1734117850.944608,334
2024-12-13 14:24:10.965516,1734117850.9655156,335
2024-12-13 14:24:10.986024,1734117850.986024,335
2024-12-13 14:24:11.005901,1734117851.0059009,335
2024-12-13 14:24:11.027056,1734117851.0270565,335
2024-12-13 14:24:11.046806,1734117851.046806,335
2024-12-13 14:24:11.066833,1734117851.0668335,335
2024-12-13 14:24:11.088857,1734117851.088857,337
2024-12-13 14:24:11.108833,1734117851.1088326,335
2024-12-13 14:24:11.129364,1734117851.1293638,335
2024-12-13 14:24:11.150119,1734117851.1501186,336
2024-12-13 14:24:11.170320,1734117851.1703196,335
2024-12-13 14:24:11.191121,1734117851.1911209,335
2024-12-13 14:24:11.211331,1734117851.211331,335
2024-12-13 14:24:11.231944,1734117851.2319438,334
2024-12-13 14:24:11.252214,1734117851.2522144,335
2024-12-13 14:24:11.272379,1734117851.272379,334
2024-12-13 14:24:11.292770,1734117851.2927701,333
2024-12-13 14:24:11.313612,1734117851.3136125,335
2024-12-13 14:24:11.330247,1734117851.3302472,335
2024-12-13 14:24:11.350045,1734117851.350045,335
2024-12-13 14:24:11.370976,1734117851.3709764,335
2024-12-13 14:24:11.391149,1734117851.3911486,335
2024-12-13 14:24:11.411442,1734117851.4114423,333
2024-12-13 14:24:11.432106,1734117851.4321058,335
2024-12-13 14:24:11.453041,1734117851.4530413,335
2024-12-13 14:24:11.473566,1734117851.4735656,334
2024-12-13 14:24:11.493323,1734117851.4933233,336
2024-12-13 14:24:11.514293,1734117851.514293,336
2024-12-13 14:24:11.534344,1734117851.5343444,335
2024-12-13 14:24:11.554890,1734117851.5548897,335
2024-12-13 14:24:11.575301,1734117851.5753007,335
2024-12-13 14:24:11.595505,1734117851.5955045,335
2024-12-13 14:24:11.616769,1734117851.616769,335
2024-12-13 14:24:11.637492,1734117851.6374922,335
2024-12-13 14:24:11.657820,1734117851.6578202,334
2024-12-13 14:24:11.678122,1734117851.6781216,336
2024-12-13 14:24:11.698673,1734117851.6986725,335
2024-12-13 14:24:11.719171,1734117851.7191713,335
2024-12-13 14:24:11.739654,1734117851.7396536,335
2024-12-13 14:24:11.760123,1734117851.7601228,335
2024-12-13 14:24:11.780191,1734117851.7801907,334
2024-12-13 14:24:11.801128,1734117851.8011284,336
2024-12-13 14:24:11.821362,1734117851.821362,334
2024-12-13 14:24:11.841771,1734117851.8417711,334
2024-12-13 14:24:11.862459,1734117851.8624594,336
2024-12-13 14:24:11.882911,1734117851.8829107,335
2024-12-13 14:24:11.899204,1734117851.8992035,335
2024-12-13 14:24:11.919844,1734117851.9198442,335
2024-12-13 14:24:11.940963,1734117851.9409633,335
2024-12-13 14:24:11.960689,1734117851.9606888,333
2024-12-13 14:24:11.980974,1734117851.9809737,335
2024-12-13 14:24:12.002135,1734117852.0021353,335
2024-12-13 14:24:12.021648,1734117852.021648,335
2024-12-13 14:24:12.042776,1734117852.0427763,336
2024-12-13 14:24:12.063194,1734117852.0631943,335
2024-12-13 14:24:12.083646,1734117852.0836456,335
2024-12-13 14:24:12.104428,1734117852.1044276,335
2024-12-13 14:24:12.124643,1734117852.1246433,335
2024-12-13 14:24:12.145118,1734117852.1451175,334
2024-12-13 14:24:12.165299,1734117852.1652994,336
2024-12-13 14:24:12.185843,1734117852.1858435,335
2024-12-13 14:24:12.205732,1734117852.205732,335
2024-12-13 14:24:12.226825,1734117852.2268255,335
2024-12-13 14:24:12.246886,1734117852.2468863,335
2024-12-13 14:24:12.268158,1734117852.2681577,335
2024-12-13 14:24:12.288494,1734117852.2884943,336
2024-12-13 14:24:12.309114,1734117852.3091135,335
2024-12-13 14:24:12.329524,1734117852.3295238,334
2024-12-13 14:24:12.349409,1734117852.3494093,335
2024-12-13 14:24:12.370214,1734117852.3702142,334
2024-12-13 14:24:12.390352,1734117852.3903518,334
2024-12-13 14:24:12.410666,1734117852.4106665,336
2024-12-13 14:24:12.431415,1734117852.4314153,335
2024-12-13 14:24:12.452125,1734117852.452125,335
2024-12-13 14:24:12.468734,1734117852.4687338,336
2024-12-13 14:24:12.488889,1734117852.4888895,335
2024-12-13 14:24:12.509780,1734117852.5097802,335
2024-12-13 14:24:12.530451,1734117852.5304513,337
2024-12-13 14:24:12.549953,1734117852.5499532,334
2024-12-13 14:24:12.570138,1734117852.5701375,335
2024-12-13 14:24:12.590821,1734117852.590821,335
2024-12-13 14:24:12.612281,1734117852.612281,335
2024-12-13 14:24:12.632477,1734117852.632477,335
2024-12-13 14:24:12.652749,1734117852.6527493,335
2024-12-13 14:24:12.673502,1734117852.6735024,334
2024-12-13 14:24:12.694160,1734117852.6941595,335
2024-12-13 14:24:12.714422,1734117852.7144217,336
2024-12-13 14:24:12.734920,1734117852.7349198,335
2024-12-13 14:24:12.755511,1734117852.7555108,335
2024-12-13 14:24:12.775360,1734117852.77536,335
2024-12-13 14:24:12.795951,1734117852.7959511,334
2024-12-13 14:24:12.816982,1734117852.816982,335
2024-12-13 14:24:12.836816,1734117852.8368156,335
2024-12-13 14:24:12.857574,1734117852.8575742,335
2024-12-13 14:24:12.878512,1734117852.878512,335
2024-12-13 14:24:12.898658,1734117852.898658,335
2024-12-13 14:24:12.918893,1734117852.918893,335
2024-12-13 14:24:12.939795,1734117852.9397955,335
2024-12-13 14:24:12.959315,1734117852.959315,335
2024-12-13 14:24:12.979903,1734117852.979903,334
2024-12-13 14:24:13.001052,1734117853.0010524,335
2024-12-13 14:24:13.017455,1734117853.0174546,335
2024-12-13 14:24:13.037441,1734117853.0374405,335
2024-12-13 14:24:13.058018,1734117853.0580182,336
2024-12-13 14:24:13.078150,1734117853.0781496,335
2024-12-13 14:24:13.099413,1734117853.0994134,333
2024-12-13 14:24:13.120259,1734117853.1202588,335
2024-12-13 14:24:13.139663,1734117853.1396625,335
2024-12-13 14:24:13.160500,1734117853.1604998,335
2024-12-13 14:24:13.181574,1734117853.1815743,335
2024-12-13 14:24:13.201819,1734117853.201819,335
2024-12-13 14:24:13.222346,1734117853.2223458,335
2024-12-13 14:24:13.242779,1734117853.2427795,336
2024-12-13 14:24:13.263145,1734117853.2631452,336
2024-12-13 14:24:13.283505,1734117853.2835052,335
2024-12-13 14:24:13.303690,1734117853.30369,336
2024-12-13 14:24:13.325036,1734117853.3250363,335
2024-12-13 14:24:13.344763,1734117853.3447626,335
2024-12-13 14:24:13.365464,1734117853.365464,337
2024-12-13 14:24:13.386498,1734117853.386498,336
2024-12-13 14:24:13.406063,1734117853.406063,335
2024-12-13 14:24:13.427168,1734117853.427168,337
2024-12-13 14:24:13.447642,1734117853.4476416,336
2024-12-13 14:24:13.467804,1734117853.4678042,334
2024-12-13 14:24:13.488205,1734117853.4882052,335
2024-12-13 14:24:13.508339,1734117853.5083394,334
2024-12-13 14:24:13.528536,1734117853.5285356,335
2024-12-13 14:24:13.549907,1734117853.5499067,335
2024-12-13 14:24:13.570356,1734117853.5703557,335
2024-12-13 14:24:13.586467,1734117853.5864673,334
2024-12-13 14:24:13.606603,1734117853.6066031,335
2024-12-13 14:24:13.626913,1734117853.6269128,336
2024-12-13 14:24:13.648388,1734117853.6483881,335
2024-12-13 14:24:13.669167,1734117853.6691666,336
2024-12-13 14:24:13.688523,1734117853.6885228,335
2024-12-13 14:24:13.709102,1734117853.7091017,336
2024-12-13 14:24:13.730134,1734117853.730134,335
2024-12-13 14:24:13.750464,1734117853.7504644,335
2024-12-13 14:24:13.770684,1734117853.7706838,334
2024-12-13 14:24:13.790859,1734117853.790859,335
2024-12-13 14:24:13.812098,1734117853.8120978,335
2024-12-13 14:24:13.832573,1734117853.8325732,335
2024-12-13 14:24:13.853039,1734117853.8530385,338
2024-12-13 14:24:13.873309,1734117853.8733087,335
2024-12-13 14:24:13.893350,1734117853.89335,335
2024-12-13 14:24:13.914496,1734117853.9144962,335
2024-12-13 14:24:13.934622,1734117853.934622,335
2024-12-13 14:24:13.955224,1734117853.9552236,336
2024-12-13 14:24:13.975882,1734117853.9758816,336
2024-12-13 14:24:13.996192,1734117853.996192,335
2024-12-13 14:24:14.016566,1734117854.0165663,335
2024-12-13 14:24:14.037019,1734117854.0370195,337
2024-12-13 14:24:14.057818,1734117854.057818,337
2024-12-13 14:24:14.077899,1734117854.0778987,335
2024-12-13 14:24:14.098958,1734117854.0989578,335
2024-12-13 14:24:14.118731,1734117854.1187315,335
2024-12-13 14:24:14.134618,1734117854.1346176,336
2024-12-13 14:24:14.156145,1734117854.156145,335
2024-12-13 14:24:14.176620,1734117854.1766202,335
2024-12-13 14:24:14.197280,1734117854.1972804,335
2024-12-13 14:24:14.217569,1734117854.217569,335
2024-12-13 14:24:14.237761,1734117854.237761,335
2024-12-13 14:24:14.258122,1734117854.2581224,335
2024-12-13 14:24:14.279029,1734117854.2790291,335
2024-12-13 14:24:14.299370,1734117854.29937,334
2024-12-13 14:24:14.319398,1734117854.3193984,336
2024-12-13 14:24:14.340546,1734117854.3405457,335
2024-12-13 14:24:14.360869,1734117854.3608687,335
2024-12-13 14:24:14.381507,1734117854.3815072,335
2024-12-13 14:24:14.402299,1734117854.402299,335
2024-12-13 14:24:14.422366,1734117854.4223661,334
2024-12-13 14:24:14.443313,1734117854.4433134,336
2024-12-13 14:24:14.463614,1734117854.4636135,335
2024-12-13 14:24:14.484061,1734117854.4840615,333
2024-12-13 14:24:14.503161,1734117854.5031614,336
2024-12-13 14:24:14.524343,1734117854.5243425,335
2024-12-13 14:24:14.544756,1734117854.5447557,336
2024-12-13 14:24:14.566532,1734117854.5665321,335
2024-12-13 14:24:14.585740,1734117854.5857403,335
2024-12-13 14:24:14.606124,1734117854.6061237,334
2024-12-13 14:24:14.627034,1734117854.6270342,336
2024-12-13 14:24:14.647140,1734117854.6471398,335
2024-12-13 14:24:14.667990,1734117854.6679904,335
2024-12-13 14:24:14.687821,1734117854.6878214,336
2024-12-13 14:24:14.704639,1734117854.704639,335
2024-12-13 14:24:14.724924,1734117854.7249238,335
2024-12-13 14:24:14.745995,1734117854.7459948,336
2024-12-13 14:24:14.765930,1734117854.7659302,336
2024-12-13 14:24:14.786284,1734117854.7862842,335
2024-12-13 14:24:14.807430,1734117854.80743,336
2024-12-13 14:24:14.828325,1734117854.8283246,336
2024-12-13 14:24:14.847977,1734117854.8479767,336
2024-12-13 14:24:14.868166,1734117854.8681664,337
2024-12-13 14:24:14.888902,1734117854.888902,335
2024-12-13 14:24:14.909502,1734117854.9095018,335
2024-12-13 14:24:14.930204,1734117854.9302042,336
2024-12-13 14:24:14.950356,1734117854.9503562,336
2024-12-13 14:24:14.970734,1734117854.9707341,336
2024-12-13 14:24:14.991358,1734117854.9913583,336
2024-12-13 14:24:15.011633,1734117855.011633,335
2024-12-13 14:24:15.032163,1734117855.0321627,336
2024-12-13 14:24:15.052375,1734117855.052375,337
2024-12-13 14:24:15.073493,1734117855.073493,335
2024-12-13 14:24:15.093942,1734117855.093942,335
2024-12-13 14:24:15.113978,1734117855.1139781,335
2024-12-13 14:24:15.135027,1734117855.1350267,335
2024-12-13 14:24:15.155564,1734117855.1555636,335
2024-12-13 14:24:15.175945,1734117855.1759453,335
2024-12-13 14:24:15.196088,1734117855.1960878,334
2024-12-13 14:24:15.216526,1734117855.2165256,335
2024-12-13 14:24:15.237125,1734117855.2371254,335
2024-12-13 14:24:15.257833,1734117855.2578325,334
2024-12-13 14:24:15.273083,1734117855.273083,335
2024-12-13 14:24:15.294497,1734117855.2944965,335
2024-12-13 14:24:15.314820,1734117855.3148203,335
2024-12-13 14:24:15.336031,1734117855.3360307,336
2024-12-13 14:24:15.356203,1734117855.3562028,337
2024-12-13 14:24:15.376640,1734117855.3766398,335
2024-12-13 14:24:15.397277,1734117855.3972766,335
2024-12-13 14:24:15.417105,1734117855.417105,335
2024-12-13 14:24:15.437660,1734117855.4376597,334
2024-12-13 14:24:15.458015,1734117855.458015,336
2024-12-13 14:24:15.479064,1734117855.4790645,335
2024-12-13 14:24:15.499396,1734117855.4993958,335
2024-12-13 14:24:15.520422,1734117855.5204217,335
2024-12-13 14:24:15.539604,1734117855.5396044,336
2024-12-13 14:24:15.560994,1734117855.560994,336
2024-12-13 14:24:15.581465,1734117855.5814648,335
2024-12-13 14:24:15.601323,1734117855.6013234,335
2024-12-13 14:24:15.622414,1734117855.6224144,334
2024-12-13 14:24:15.642806,1734117855.6428056,336
2024-12-13 14:24:15.662573,1734117855.6625726,335
2024-12-13 14:24:15.683373,1734117855.6833732,335
2024-12-13 14:24:15.704321,1734117855.7043214,335
2024-12-13 14:24:15.725492,1734117855.7254918,335
2024-12-13 14:24:15.745324,1734117855.7453237,335
2024-12-13 14:24:15.765806,1734117855.7658057,336
2024-12-13 14:24:15.786193,1734117855.786193,336
2024-12-13 14:24:15.805765,1734117855.8057647,335
2024-12-13 14:24:15.822802,1734117855.8228018,335
2024-12-13 14:24:15.842925,1734117855.8429246,335
2024-12-13 14:24:15.863201,1734117855.8632011,335
2024-12-13 14:24:15.884197,1734117855.8841972,335
2024-12-13 14:24:15.904805,1734117855.904805,335
2024-12-13 14:24:15.925121,1734117855.9251213,334
2024-12-13 14:24:15.945608,1734117855.9456077,336
2024-12-13 14:24:15.966021,1734117855.9660213,335
2024-12-13 14:24:15.986616,1734117855.9866157,335
2024-12-13 14:24:16.007155,1734117856.0071554,335
2024-12-13 14:24:16.027322,1734117856.0273218,335
2024-12-13 14:24:16.048761,1734117856.0487611,334
2024-12-13 14:24:16.069109,1734117856.0691094,335
2024-12-13 14:24:16.089374,1734117856.0893743,335
2024-12-13 14:24:16.109735,1734117856.1097348,335
2024-12-13 14:24:16.129962,1734117856.1299622,335
2024-12-13 14:24:16.149954,1734117856.1499543,335
2024-12-13 14:24:16.170916,1734117856.1709163,335
2024-12-13 14:24:16.191386,1734117856.1913865,337
2024-12-13 14:24:16.211536,1734117856.211536,335
2024-12-13 14:24:16.232623,1734117856.2326226,335
2024-12-13 14:24:16.252896,1734117856.2528963,335
2024-12-13 14:24:16.273431,1734117856.2734308,336
2024-12-13 14:24:16.294127,1734117856.2941265,335
2024-12-13 14:24:16.313826,1734117856.3138263,336
2024-12-13 14:24:16.334810,1734117856.33481,336
2024-12-13 14:24:16.355446,1734117856.3554459,335
2024-12-13 14:24:16.375170,1734117856.3751705,337
2024-12-13 14:24:16.392555,1734117856.392555,334
2024-12-13 14:24:16.412890,1734117856.41289,335
2024-12-13 14:24:16.433370,1734117856.4333699,334
2024-12-13 14:24:16.453843,1734117856.4538434,335
2024-12-13 14:24:16.474113,1734117856.4741135,335
2024-12-13 14:24:16.494596,1734117856.4945955,338
2024-12-13 14:24:16.514763,1734117856.5147626,335
2024-12-13 14:24:16.535754,1734117856.5357544,335
2024-12-13 14:24:16.555653,1734117856.5556533,335
2024-12-13 14:24:16.576666,1734117856.5766664,334
2024-12-13 14:24:16.596533,1734117856.596533,336
2024-12-13 14:24:16.617700,1734117856.6176996,335
2024-12-13 14:24:16.638148,1734117856.6381478,336
2024-12-13 14:24:16.657825,1734117856.6578245,336
2024-12-13 14:24:16.678678,1734117856.678678,336
2024-12-13 14:24:16.699794,1734117856.6997943,335
2024-12-13 14:24:16.719652,1734117856.7196524,336
2024-12-13 14:24:16.739948,1734117856.739948,335
2024-12-13 14:24:16.761202,1734117856.7612016,335
2024-12-13 14:24:16.781118,1734117856.7811177,336
2024-12-13 14:24:16.801255,1734117856.8012552,335
2024-12-13 14:24:16.822469,1734117856.8224688,335
2024-12-13 14:24:16.842875,1734117856.8428752,335
2024-12-13 14:24:16.862607,1734117856.8626075,335
2024-12-13 14:24:16.883729,1734117856.883729,335
2024-12-13 14:24:16.904049,1734117856.9040494,335
2024-12-13 14:24:16.924651,1734117856.924651,335
2024-12-13 14:24:16.941381,1734117856.9413812,335
2024-12-13 14:24:16.960842,1734117856.9608417,335
2024-12-13 14:24:16.982145,1734117856.9821453,335
2024-12-13 14:24:17.002219,1734117857.002219,335
2024-12-13 14:24:17.022701,1734117857.0227005,335
2024-12-13 14:24:17.043576,1734117857.0435765,335
2024-12-13 14:24:17.063555,1734117857.0635545,334
2024-12-13 14:24:17.086993,1734117857.0869935,335
2024-12-13 14:24:17.105997,1734117857.1059973,335
2024-12-13 14:24:17.125041,1734117857.1250415,334
2024-12-13 14:24:17.146538,1734117857.146538,335
2024-12-13 14:24:17.166336,1734117857.1663358,335
2024-12-13 14:24:17.186820,1734117857.18682,335
2024-12-13 14:24:17.206643,1734117857.2066429,335
2024-12-13 14:24:17.226985,1734117857.2269845,334
2024-12-13 14:24:17.248026,1734117857.2480264,335
2024-12-13 14:24:17.268283,1734117857.2682834,335
2024-12-13 14:24:17.288551,1734117857.2885506,335
2024-12-13 14:24:17.309585,1734117857.309585,335
2024-12-13 14:24:17.330646,1734117857.3306463,337
2024-12-13 14:24:17.350316,1734117857.3503156,335
2024-12-13 14:24:17.371317,1734117857.3713167,336
2024-12-13 14:24:17.390955,1734117857.390955,337
2024-12-13 14:24:17.411957,1734117857.4119565,335
2024-12-13 14:24:17.432606,1734117857.432606,335
2024-12-13 14:24:17.452210,1734117857.4522102,335
2024-12-13 14:24:17.472732,1734117857.4727323,335
2024-12-13 14:24:17.493274,1734117857.4932742,335
2024-12-13 14:24:17.509763,1734117857.5097625,337
2024-12-13 14:24:17.530630,1734117857.53063,336
2024-12-13 14:24:17.551523,1734117857.5515227,336
2024-12-13 14:24:17.572084,1734117857.5720837,336
2024-12-13 14:24:17.592063,1734117857.5920632,336
2024-12-13 14:24:17.612965,1734117857.6129646,336
2024-12-13 14:24:17.632977,1734117857.6329772,336
2024-12-13 14:24:17.653561,1734117857.653561,336
2024-12-13 14:24:17.673686,1734117857.6736858,336
2024-12-13 14:24:17.694504,1734117857.6945045,335
2024-12-13 14:24:17.715338,1734117857.7153382,333
2024-12-13 14:24:17.735712,1734117857.7357123,335
2024-12-13 14:24:17.756349,1734117857.7563486,335
2024-12-13 14:24:17.776560,1734117857.7765603,335
2024-12-13 14:24:17.797416,1734117857.7974157,335
2024-12-13 14:24:17.817095,1734117857.8170946,337
2024-12-13 14:24:17.837759,1734117857.837759,335
2024-12-13 14:24:17.858155,1734117857.8581555,336
2024-12-13 14:24:17.878744,1734117857.8787444,336
2024-12-13 14:24:17.899130,1734117857.8991299,335
2024-12-13 14:24:17.920146,1734117857.9201462,335
2024-12-13 14:24:17.940460,1734117857.9404597,335
2024-12-13 14:24:17.960420,1734117857.96042,334
2024-12-13 14:24:17.980930,1734117857.9809296,336
2024-12-13 14:24:18.001462,1734117858.0014617,337
2024-12-13 14:24:18.021899,1734117858.0218992,334
2024-12-13 14:24:18.042112,1734117858.042112,335
2024-12-13 14:24:18.059350,1734117858.05935,335
2024-12-13 14:24:18.079320,1734117858.07932,335
2024-12-13 14:24:18.100644,1734117858.1006436,335
2024-12-13 14:24:18.120577,1734117858.120577,335
2024-12-13 14:24:18.141155,1734117858.1411548,335
2024-12-13 14:24:18.161176,1734117858.1611762,335
2024-12-13 14:24:18.181788,1734117858.181788,335
2024-12-13 14:24:18.202781,1734117858.2027812,335
2024-12-13 14:24:18.222696,1734117858.2226958,335
2024-12-13 14:24:18.242599,1734117858.2425988,335
2024-12-13 14:24:18.263954,1734117858.2639537,335
2024-12-13 14:24:18.285683,1734117858.2856827,335
2024-12-13 14:24:18.304706,1734117858.304706,335
2024-12-13 14:24:18.325919,1734117858.3259192,335
2024-12-13 14:24:18.345648,1734117858.3456476,335
2024-12-13 14:24:18.366307,1734117858.3663065,335
2024-12-13 14:24:18.386901,1734117858.386901,335
2024-12-13 14:24:18.407168,1734117858.407168,335
2024-12-13 14:24:18.428162,1734117858.428162,335
2024-12-13 14:24:18.448489,1734117858.4484892,335
2024-12-13 14:24:18.468658,1734117858.4686582,335
2024-12-13 14:24:18.489539,1734117858.489539,336
2024-12-13 14:24:18.509919,1734117858.5099192,335
2024-12-13 14:24:18.530335,1734117858.5303347,335
2024-12-13 14:24:18.550294,1734117858.550294,335
2024-12-13 14:24:18.571315,1734117858.5713146,337
2024-12-13 14:24:18.591592,1734117858.5915916,336
2024-12-13 14:24:18.611778,1734117858.6117785,335
2024-12-13 14:24:18.628193,1734117858.6281927,335
2024-12-13 14:24:18.649195,1734117858.6491952,337
2024-12-13 14:24:18.669815,1734117858.669815,334
2024-12-13 14:24:18.689663,1734117858.6896634,335
2024-12-13 14:24:18.710764,1734117858.7107637,336
2024-12-13 14:24:18.731360,1734117858.73136,335
2024-12-13 14:24:18.751106,1734117858.7511058,335
2024-12-13 14:24:18.772064,1734117858.7720644,335
2024-12-13 14:24:18.791948,1734117858.7919483,335
2024-12-13 14:24:18.813405,1734117858.813405,336
2024-12-13 14:24:18.833497,1734117858.8334968,337
2024-12-13 14:24:18.853956,1734117858.8539565,334
2024-12-13 14:24:18.874448,1734117858.8744478,335
2024-12-13 14:24:18.894367,1734117858.8943672,335
2024-12-13 14:24:18.914673,1734117858.9146729,334
2024-12-13 14:24:18.935428,1734117858.9354277,335
2024-12-13 14:24:18.956364,1734117858.956364,336
2024-12-13 14:24:18.976846,1734117858.976846,336
2024-12-13 14:24:18.997282,1734117858.9972818,335
2024-12-13 14:24:19.017356,1734117859.017356,336
2024-12-13 14:24:19.037959,1734117859.0379593,335
2024-12-13 14:24:19.058497,1734117859.0584972,335
2024-12-13 14:24:19.078566,1734117859.0785663,335
2024-12-13 14:24:19.099300,1734117859.0992997,335
2024-12-13 14:24:19.120072,1734117859.1200721,336
2024-12-13 14:24:19.140282,1734117859.1402824,336
2024-12-13 14:24:19.160836,1734117859.160836,334
2024-12-13 14:24:19.180887,1734117859.180887,335
2024-12-13 14:24:19.197240,1734117859.1972404,335
2024-12-13 14:24:19.217862,1734117859.2178621,334
2024-12-13 14:24:19.239978,1734117859.2399783,335
2024-12-13 14:24:19.259138,1734117859.2591383,335
2024-12-13 14:24:19.279142,1734117859.2791424,334
2024-12-13 14:24:19.299886,1734117859.2998855,335
2024-12-13 14:24:19.320895,1734117859.3208947,336
2024-12-13 14:24:19.341164,1734117859.3411636,335
2024-12-13 14:24:19.361595,1734117859.3615947,335
2024-12-13 14:24:19.382109,1734117859.3821087,335
2024-12-13 14:24:19.402606,1734117859.4026065,335
2024-12-13 14:24:19.422690,1734117859.4226902,336
2024-12-13 14:24:19.443783,1734117859.4437828,335
2024-12-13 14:24:19.463525,1734117859.4635246,335
2024-12-13 14:24:19.486408,1734117859.4864078,336
2024-12-13 14:24:19.504837,1734117859.504837,335
2024-12-13 14:24:19.525222,1734117859.525222,335
2024-12-13 14:24:19.545800,1734117859.5457997,336
2024-12-13 14:24:19.566150,1734117859.5661497,335
2024-12-13 14:24:19.587195,1734117859.5871947,334
2024-12-13 14:24:19.607644,1734117859.6076443,336
2024-12-13 14:24:19.627271,1734117859.6272712,335
2024-12-13 14:24:19.648259,1734117859.648259,335
2024-12-13 14:24:19.668781,1734117859.6687813,335
2024-12-13 14:24:19.689419,1734117859.6894188,335
2024-12-13 14:24:19.709939,1734117859.7099395,333
2024-12-13 14:24:19.730422,1734117859.7304215,335
2024-12-13 14:24:19.746074,1734117859.7460744,335
2024-12-13 14:24:19.767113,1734117859.767113,334
2024-12-13 14:24:19.787213,1734117859.7872133,336
2024-12-13 14:24:19.808414,1734117859.8084142,335
2024-12-13 14:24:19.828330,1734117859.8283296,335
2024-12-13 14:24:19.849274,1734117859.8492737,336
2024-12-13 14:24:19.869472,1734117859.8694718,336
2024-12-13 14:24:19.890307,1734117859.8903074,335
2024-12-13 14:24:19.910151,1734117859.910151,335
2024-12-13 14:24:19.930998,1734117859.930998,336
2024-12-13 14:24:19.951529,1734117859.9515288,335
2024-12-13 14:24:19.972050,1734117859.97205,337
2024-12-13 14:24:19.992623,1734117859.9926226,335
2024-12-13 14:24:20.012254,1734117860.0122538,335
2024-12-13 14:24:20.033535,1734117860.0335352,336
2024-12-13 14:24:20.054127,1734117860.0541272,335
2024-12-13 14:24:20.073297,1734117860.0732968,335
2024-12-13 14:24:20.094968,1734117860.0949678,336
2024-12-13 14:24:20.115610,1734117860.1156104,335
2024-12-13 14:24:20.135716,1734117860.1357164,334
2024-12-13 14:24:20.156421,1734117860.1564214,337
2024-12-13 14:24:20.176823,1734117860.1768234,335
2024-12-13 14:24:20.197227,1734117860.1972265,335
2024-12-13 14:24:20.217970,1734117860.2179704,335
2024-12-13 14:24:20.238214,1734117860.2382138,336
2024-12-13 14:24:20.258434,1734117860.2584336,336
2024-12-13 14:24:20.279238,1734117860.2792385,336
2024-12-13 14:24:20.299757,1734117860.2997572,336
2024-12-13 14:24:20.315913,1734117860.3159132,336
2024-12-13 14:24:20.335969,1734117860.3359687,335
2024-12-13 14:24:20.357108,1734117860.3571076,335
2024-12-13 14:24:20.377613,1734117860.3776133,336
2024-12-13 14:24:20.397757,1734117860.3977568,335
2024-12-13 14:24:20.418320,1734117860.41832,335
2024-12-13 14:24:20.439229,1734117860.4392285,335
2024-12-13 14:24:20.459529,1734117860.459529,337
2024-12-13 14:24:20.479583,1734117860.479583,335
2024-12-13 14:24:20.500129,1734117860.500129,335
2024-12-13 14:24:20.520654,1734117860.520654,335
2024-12-13 14:24:20.541415,1734117860.541415,334
2024-12-13 14:24:20.562083,1734117860.5620832,336
2024-12-13 14:24:20.581955,1734117860.581955,336
2024-12-13 14:24:20.602879,1734117860.6028788,336
2024-12-13 14:24:20.623438,1734117860.6234381,336
2024-12-13 14:24:20.643394,1734117860.6433942,337
2024-12-13 14:24:20.663466,1734117860.6634662,335
2024-12-13 14:24:20.684013,1734117860.684013,335
2024-12-13 14:24:20.705884,1734117860.7058837,335
2024-12-13 14:24:20.725624,1734117860.7256236,334
2024-12-13 14:24:20.746300,1734117860.7462995,335
2024-12-13 14:24:20.766266,1734117860.7662659,336
2024-12-13 14:24:20.786393,1734117860.7863927,336
2024-12-13 14:24:20.807313,1734117860.8073134,336
2024-12-13 14:24:20.827361,1734117860.8273609,335
2024-12-13 14:24:20.847849,1734117860.8478491,335
2024-12-13 14:24:20.868618,1734117860.8686178,335
2024-12-13 14:24:20.885822,1734117860.8858216,335
2024-12-13 14:24:20.907898,1734117860.9078984,335
2024-12-13 14:24:20.926271,1734117860.9262707,336
2024-12-13 14:24:20.946356,1734117860.9463558,336
2024-12-13 14:24:20.966740,1734117860.9667397,335
2024-12-13 14:24:20.987896,1734117860.987896,336
2024-12-13 14:24:21.007619,1734117861.007619,336
2024-12-13 14:24:21.028045,1734117861.028045,335
2024-12-13 14:24:21.049346,1734117861.0493462,335
2024-12-13 14:24:21.069423,1734117861.0694234,335
2024-12-13 14:24:21.090466,1734117861.0904663,335
2024-12-13 14:24:21.110197,1734117861.110197,336
2024-12-13 14:24:21.131038,1734117861.1310377,336
2024-12-13 14:24:21.151610,1734117861.15161,335
2024-12-13 14:24:21.171502,1734117861.171502,335
2024-12-13 14:24:21.192767,1734117861.1927667,336
2024-12-13 14:24:21.212655,1734117861.2126546,335
2024-12-13 14:24:21.233785,1734117861.2337852,335
2024-12-13 14:24:21.253813,1734117861.253813,335
2024-12-13 14:24:21.273763,1734117861.2737627,335
2024-12-13 14:24:21.294700,1734117861.2947004,336
2024-12-13 14:24:21.315051,1734117861.3150508,335
2024-12-13 14:24:21.335919,1734117861.3359191,336
2024-12-13 14:24:21.356314,1734117861.3563137,337
2024-12-13 14:24:21.376127,1734117861.3761268,335
2024-12-13 14:24:21.397473,1734117861.3974729,336
2024-12-13 14:24:21.417662,1734117861.417662,335
2024-12-13 14:24:21.434316,1734117861.4343164,335
2024-12-13 14:24:21.454103,1734117861.4541025,335
2024-12-13 14:24:21.475330,1734117861.4753304,337
2024-12-13 14:24:21.495256,1734117861.495256,335
2024-12-13 14:24:21.515861,1734117861.515861,335
2024-12-13 14:24:21.536772,1734117861.5367725,336
2024-12-13 14:24:21.556643,1734117861.5566435,336
2024-12-13 14:24:21.577818,1734117861.5778184,335
2024-12-13 14:24:21.598129,1734117861.5981288,336
2024-12-13 14:24:21.618692,1734117861.6186917,335
2024-12-13 14:24:21.638444,1734117861.6384442,335
2024-12-13 14:24:21.659657,1734117861.6596565,337
2024-12-13 14:24:21.680037,1734117861.680037,335
2024-12-13 14:24:21.701698,1734117861.701698,337
2024-12-13 14:24:21.720494,1734117861.7204943,335
2024-12-13 14:24:21.741156,1734117861.7411559,335
2024-12-13 14:24:21.761812,1734117861.7618122,335
2024-12-13 14:24:21.782172,1734117861.7821724,334
2024-12-13 14:24:21.802146,1734117861.8021462,333
2024-12-13 14:24:21.822961,1734117861.8229609,335
2024-12-13 14:24:21.843838,1734117861.843838,335
2024-12-13 14:24:21.864345,1734117861.8643453,335
2024-12-13 14:24:21.884730,1734117861.8847303,335
2024-12-13 14:24:21.905244,1734117861.905244,336
2024-12-13 14:24:21.924858,1734117861.924858,336
2024-12-13 14:24:21.945989,1734117861.9459887,336
2024-12-13 14:24:21.966494,1734117861.9664936,337
2024-12-13 14:24:21.986547,1734117861.9865475,333
2024-12-13 14:24:22.002425,1734117862.0024247,335
2024-12-13 14:24:22.024099,1734117862.0240989,335
2024-12-13 14:24:22.044569,1734117862.0445693,335
2024-12-13 14:24:22.065055,1734117862.0650554,336
2024-12-13 14:24:22.085648,1734117862.0856478,335
2024-12-13 14:24:22.105674,1734117862.105674,335
2024-12-13 14:24:22.126168,1734117862.1261678,336
2024-12-13 14:24:22.145825,1734117862.1458247,335
2024-12-13 14:24:22.166698,1734117862.166698,335
2024-12-13 14:24:22.187775,1734117862.1877747,335
2024-12-13 14:24:22.207714,1734117862.2077136,335
2024-12-13 14:24:22.228572,1734117862.2285717,334
2024-12-13 14:24:22.248164,1734117862.2481642,336
2024-12-13 14:24:22.269834,1734117862.2698338,336
2024-12-13 14:24:22.290326,1734117862.290326,336
2024-12-13 14:24:22.310856,1734117862.3108563,335
2024-12-13 14:24:22.330963,1734117862.3309634,335
2024-12-13 14:24:22.351780,1734117862.3517804,333
2024-12-13 14:24:22.372336,1734117862.3723361,335
2024-12-13 14:24:22.392766,1734117862.3927658,335
2024-12-13 14:24:22.412679,1734117862.4126794,333
2024-12-13 14:24:22.433936,1734117862.4339356,335
2024-12-13 14:24:22.454117,1734117862.4541173,335
2024-12-13 14:24:22.473904,1734117862.4739041,335
2024-12-13 14:24:22.494586,1734117862.4945862,335
2024-12-13 14:24:22.515078,1734117862.515078,335
2024-12-13 14:24:22.535091,1734117862.5350912,335
2024-12-13 14:24:22.552447,1734117862.5524466,336
2024-12-13 14:24:22.572366,1734117862.5723655,335
2024-12-13 14:24:22.593492,1734117862.5934918,336
2024-12-13 14:24:22.613706,1734117862.6137064,335
2024-12-13 14:24:22.634372,1734117862.634372,335
2024-12-13 14:24:22.654845,1734117862.6548452,335
2024-12-13 14:24:22.675391,1734117862.6753912,335
2024-12-13 14:24:22.695313,1734117862.6953135,333
2024-12-13 14:24:22.716087,1734117862.7160869,335
2024-12-13 14:24:22.736768,1734117862.7367685,336
2024-12-13 14:24:22.756834,1734117862.7568336,335
2024-12-13 14:24:22.777935,1734117862.777935,335
2024-12-13 14:24:22.798200,1734117862.7982,337
2024-12-13 14:24:22.818696,1734117862.8186963,335
2024-12-13 14:24:22.839322,1734117862.8393216,335
2024-12-13 14:24:22.859973,1734117862.8599734,336
2024-12-13 14:24:22.880169,1734117862.8801694,334
2024-12-13 14:24:22.900558,1734117862.9005578,334
2024-12-13 14:24:22.921077,1734117862.9210765,336
2024-12-13 14:24:22.941709,1734117862.9417086,335
2024-12-13 14:24:22.961814,1734117862.9618142,334
2024-12-13 14:24:22.982414,1734117862.9824145,335
2024-12-13 14:24:23.002969,1734117863.0029685,334
2024-12-13 14:24:23.023084,1734117863.023084,334
2024-12-13 14:24:23.043242,1734117863.0432415,335
2024-12-13 14:24:23.064322,1734117863.064322,335
2024-12-13 14:24:23.084837,1734117863.084837,335
2024-12-13 14:24:23.105290,1734117863.1052897,337
2024-12-13 14:24:23.121881,1734117863.1218815,334
2024-12-13 14:24:23.141143,1734117863.141143,335
2024-12-13 14:24:23.162782,1734117863.1627822,335
2024-12-13 14:24:23.182958,1734117863.1829581,336
2024-12-13 14:24:23.203419,1734117863.2034192,335
2024-12-13 14:24:23.224143,1734117863.2241426,335
2024-12-13 14:24:23.247264,1734117863.2472641,335
2024-12-13 14:24:23.265985,1734117863.2659853,334
2024-12-13 14:24:23.284857,1734117863.2848568,337
2024-12-13 14:24:23.305959,1734117863.3059595,334
2024-12-13 14:24:23.326695,1734117863.326695,335
2024-12-13 14:24:23.347419,1734117863.3474185,335
2024-12-13 14:24:23.367673,1734117863.3676727,334
2024-12-13 14:24:23.387690,1734117863.3876896,335
2024-12-13 14:24:23.408786,1734117863.4087858,335
2024-12-13 14:24:23.428841,1734117863.428841,335
2024-12-13 14:24:23.449399,1734117863.4493985,335
2024-12-13 14:24:23.469901,1734117863.469901,336
2024-12-13 14:24:23.490366,1734117863.490366,335
2024-12-13 14:24:23.511088,1734117863.5110877,335
2024-12-13 14:24:23.531347,1734117863.5313468,335
2024-12-13 14:24:23.551687,1734117863.551687,334
2024-12-13 14:24:23.571970,1734117863.5719705,335
2024-12-13 14:24:23.592916,1734117863.5929155,335
2024-12-13 14:24:23.613115,1734117863.6131153,335
2024-12-13 14:24:23.632867,1734117863.6328666,335
2024-12-13 14:24:23.654058,1734117863.6540575,335
2024-12-13 14:24:23.674614,1734117863.6746137,333
2024-12-13 14:24:23.691259,1734117863.691259,335
2024-12-13 14:24:23.711339,1734117863.7113395,335
2024-12-13 14:24:23.731692,1734117863.7316916,336
2024-12-13 14:24:23.752167,1734117863.7521672,336
2024-12-13 14:24:23.772972,1734117863.7729716,335
2024-12-13 14:24:23.792691,1734117863.7926905,335
2024-12-13 14:24:23.813513,1734117863.8135133,336
2024-12-13 14:24:23.834424,1734117863.8344238,335
2024-12-13 14:24:23.854902,1734117863.854902,333
2024-12-13 14:24:23.875369,1734117863.8753686,335
2024-12-13 14:24:23.895843,1734117863.8958426,336
2024-12-13 14:24:23.915652,1734117863.915652,335
2024-12-13 14:24:23.936905,1734117863.9369051,336
2024-12-13 14:24:23.957265,1734117863.9572654,336
2024-12-13 14:24:23.978020,1734117863.97802,334
2024-12-13 14:24:23.998411,1734117863.9984112,335
2024-12-13 14:24:24.018352,1734117864.018352,337
2024-12-13 14:24:24.039304,1734117864.0393035,334
2024-12-13 14:24:24.059809,1734117864.059809,335
2024-12-13 14:24:24.079400,1734117864.0793996,335
2024-12-13 14:24:24.100654,1734117864.1006541,335
2024-12-13 14:24:24.120592,1734117864.120592,335
2024-12-13 14:24:24.141200,1734117864.1411998,336
2024-12-13 14:24:24.162047,1734117864.1620467,334
2024-12-13 14:24:24.182369,1734117864.1823692,336
2024-12-13 14:24:24.202989,1734117864.2029889,335
2024-12-13 14:24:24.223439,1734117864.2234395,334
2024-12-13 14:24:24.239897,1734117864.2398973,336
2024-12-13 14:24:24.259903,1734117864.2599027,336
2024-12-13 14:24:24.281124,1734117864.2811239,335
2024-12-13 14:24:24.301346,1734117864.3013463,336
2024-12-13 14:24:24.322182,1734117864.3221822,335
2024-12-13 14:24:24.342519,1734117864.342519,335
2024-12-13 14:24:24.362561,1734117864.3625605,336
2024-12-13 14:24:24.383246,1734117864.3832457,335
2024-12-13 14:24:24.403431,1734117864.403431,335
2024-12-13 14:24:24.424209,1734117864.424209,337
2024-12-13 14:24:24.444922,1734117864.4449222,335
2024-12-13 14:24:24.465898,1734117864.4658976,335
2024-12-13 14:24:24.487155,1734117864.4871547,335
2024-12-13 14:24:24.506943,1734117864.506943,335
2024-12-13 14:24:24.526063,1734117864.5260632,336
2024-12-13 14:24:24.547310,1734117864.54731,335
2024-12-13 14:24:24.567502,1734117864.5675025,335
2024-12-13 14:24:24.587997,1734117864.5879967,334
2024-12-13 14:24:24.608433,1734117864.6084332,337
2024-12-13 14:24:24.628603,1734117864.6286032,335
2024-12-13 14:24:24.649451,1734117864.649451,335
2024-12-13 14:24:24.669939,1734117864.6699393,335
2024-12-13 14:24:24.690483,1734117864.6904826,334
2024-12-13 14:24:24.711030,1734117864.7110298,335
2024-12-13 14:24:24.730753,1734117864.7307532,336
2024-12-13 14:24:24.751917,1734117864.7519171,335
2024-12-13 14:24:24.771647,1734117864.7716467,335
2024-12-13 14:24:24.791917,1734117864.7919173,335
2024-12-13 14:24:24.809011,1734117864.8090115,335
2024-12-13 14:24:24.829719,1734117864.8297193,335
2024-12-13 14:24:24.850178,1734117864.8501782,335
2024-12-13 14:24:24.870106,1734117864.8701057,335
2024-12-13 14:24:24.890506,1734117864.8905056,335
2024-12-13 14:24:24.910871,1734117864.9108713,336
2024-12-13 14:24:24.931697,1734117864.9316974,336
2024-12-13 14:24:24.951713,1734117864.9517126,335
2024-12-13 14:24:24.973058,1734117864.973058,335
2024-12-13 14:24:24.993002,1734117864.993002,335
2024-12-13 14:24:25.014149,1734117865.0141494,334
2024-12-13 14:24:25.034492,1734117865.0344923,337
2024-12-13 14:24:25.054972,1734117865.0549717,335
2024-12-13 14:24:25.075236,1734117865.0752356,335
2024-12-13 14:24:25.096061,1734117865.0960605,335
2024-12-13 14:24:25.116407,1734117865.1164072,335
2024-12-13 14:24:25.136788,1734117865.136788,335
2024-12-13 14:24:25.157043,1734117865.157043,335
2024-12-13 14:24:25.177277,1734117865.177277,335
2024-12-13 14:24:25.198330,1734117865.1983297,335
2024-12-13 14:24:25.218630,1734117865.2186303,335
2024-12-13 14:24:25.239219,1734117865.2392192,334
2024-12-13 14:24:25.259649,1734117865.2596488,335
2024-12-13 14:24:25.279342,1734117865.2793422,335
2024-12-13 14:24:25.299579,1734117865.2995794,335
2024-12-13 14:24:25.321134,1734117865.3211339,335
2024-12-13 14:24:25.341688,1734117865.341688,337
2024-12-13 14:24:25.357875,1734117865.357875,334
2024-12-13 14:24:25.378531,1734117865.378531,335
2024-12-13 14:24:25.398996,1734117865.3989956,335
2024-12-13 14:24:25.419405,1734117865.4194055,335
2024-12-13 14:24:25.439339,1734117865.439339,336
2024-12-13 14:24:25.460018,1734117865.4600177,337
2024-12-13 14:24:25.481165,1734117865.4811647,337
2024-12-13 14:24:25.501427,1734117865.5014272,335
2024-12-13 14:24:25.521872,1734117865.5218718,335
2024-12-13 14:24:25.542105,1734117865.5421047,335
2024-12-13 14:24:25.562291,1734117865.5622911,335
2024-12-13 14:24:25.583233,1734117865.5832329,336
2024-12-13 14:24:25.603481,1734117865.6034813,335
2024-12-13 14:24:25.624079,1734117865.624079,335
2024-12-13 14:24:25.646942,1734117865.646942,336
2024-12-13 14:24:25.666622,1734117865.666622,334
2024-12-13 14:24:25.686016,1734117865.6860158,335
2024-12-13 14:24:25.707102,1734117865.7071016,335
2024-12-13 14:24:25.726069,1734117865.7260692,335
2024-12-13 14:24:25.747040,1734117865.74704,336
2024-12-13 14:24:25.767847,1734117865.7678468,335
2024-12-13 14:24:25.787936,1734117865.7879362,336
2024-12-13 14:24:25.807574,1734117865.8075743,335
